{"mean":{"confidence_interval":{"confidence_level":0.95,"lower_bound":0.005397871362760887,"upper_bound":0.010904022078974744},"point_estimate":0.007760331787974639,"standard_error":0.0014498063555123818},"median":{"confidence_interval":{"confidence_level":0.95,"lower_bound":0.004246033653539705,"upper_bound":0.005740902589257413},"point_estimate":0.004916110172545007,"standard_error":0.0004026504330025667}}