{"mean":{"confidence_interval":{"confidence_level":0.95,"lower_bound":13049213.3425,"upper_bound":13116645.492687501},"point_estimate":13080832.5625,"standard_error":17201.103181560167},"median":{"confidence_interval":{"confidence_level":0.95,"lower_bound":13010349.75,"upper_bound":13046813.25},"point_estimate":13024619.0,"standard_error":8520.592147457535},"median_abs_dev":{"confidence_interval":{"confidence_level":0.95,"lower_bound":58112.17389330268,"upper_bound":91366.46505542097},"point_estimate":76118.53589862585,"standard_error":8026.4703710932035},"slope":null,"std_dev":{"confidence_interval":{"confidence_level":0.95,"lower_bound":122101.49218918307,"upper_bound":217828.43457927986},"point_estimate":173472.6554567357,"standard_error":24446.81209254866}}