{"mean":{"confidence_interval":{"confidence_level":0.95,"lower_bound":0.009756827332471624,"upper_bound":0.016284153104933755},"point_estimate":0.012692547746501859,"standard_error":0.0017645160493915662},"median":{"confidence_interval":{"confidence_level":0.95,"lower_bound":0.01022290370676614,"upper_bound":0.011369576312668217},"point_estimate":0.01065599519930105,"standard_error":0.00028913604120196144}}