{"mean":{"confidence_interval":{"confidence_level":0.95,"lower_bound":0.03726325103583043,"upper_bound":0.047551116126963916},"point_estimate":0.04278418102125792,"standard_error":0.0026519666217997766},"median":{"confidence_interval":{"confidence_level":0.95,"lower_bound":0.027946384959102878,"upper_bound":0.046816485721864254},"point_estimate":0.035117511383963906,"standard_error":0.004236931306630898}}