{"mean":{"confidence_interval":{"confidence_level":0.95,"lower_bound":2507272.3348875,"upper_bound":2514844.0222999994},"point_estimate":2510730.079,"standard_error":1941.8442587099405},"median":{"confidence_interval":{"confidence_level":0.95,"lower_bound":2503200.25,"upper_bound":2506712.8},"point_estimate":2504604.625,"standard_error":834.1510614794884},"median_abs_dev":{"confidence_interval":{"confidence_level":0.95,"lower_bound":4463.960260749071,"upper_bound":8875.955392420292},"point_estimate":6162.130270600042,"standard_error":1123.3250341114945},"slope":null,"std_dev":{"confidence_interval":{"confidence_level":0.95,"lower_bound":10132.938425544435,"upper_bound":26598.211944706854},"point_estimate":19503.873206535787,"standard_error":4066.4084244078435}}