{"mean":{"confidence_interval":{"confidence_level":0.95,"lower_bound":0.01951674380456932,"upper_bound":0.02311315664810885},"point_estimate":0.021230128047798003,"standard_error":0.000916860783549551},"median":{"confidence_interval":{"confidence_level":0.95,"lower_bound":0.019871104102074266,"upper_bound":0.02107158941873677},"point_estimate":0.020385630945205735,"standard_error":0.00029643394626267447}}