{"mean":{"confidence_interval":{"confidence_level":0.95,"lower_bound":-0.9865587560819057,"upper_bound":-0.9864075159266983},"point_estimate":-0.986489932500066,"standard_error":0.00003964152146482713},"median":{"confidence_interval":{"confidence_level":0.95,"lower_bound":-0.9866278649449225,"upper_bound":-0.9866083683333081},"point_estimate":-0.9866198581034136,"standard_error":5.4356387845484566e-6}}