{"mean":{"confidence_interval":{"confidence_level":0.95,"lower_bound":0.001824256619532283,"upper_bound":0.004446738829265943},"point_estimate":0.003173551975069966,"standard_error":0.0006660298444351384},"median":{"confidence_interval":{"confidence_level":0.95,"lower_bound":0.0018571103942850442,"upper_bound":0.0031357479283078415},"point_estimate":0.0027444849945084115,"standard_error":0.00032174411647918535}}