{"mean":{"confidence_interval":{"confidence_level":0.95,"lower_bound":178373735.77525,"upper_bound":179134687.65125},"point_estimate":178727135.29,"standard_error":194276.46013170693},"median":{"confidence_interval":{"confidence_level":0.95,"lower_bound":177969869.5,"upper_bound":178518369.0},"point_estimate":178131507.0,"standard_error":121705.54971559948},"median_abs_dev":{"confidence_interval":{"confidence_level":0.95,"lower_bound":782674.9043047428,"upper_bound":1516176.4152824879},"point_estimate":1142272.1149206161,"standard_error":197234.8161027328},"slope":null,"std_dev":{"confidence_interval":{"confidence_level":0.95,"lower_bound":1244078.4021823567,"upper_bound":2656551.8244410995},"point_estimate":1947945.8276534153,"standard_error":374427.3511984952}}