{"mean":{"confidence_interval":{"confidence_level":0.95,"lower_bound":1763011165.58775,"upper_bound":1766179045.217},"point_estimate":1764534482.26,"standard_error":809387.9482714885},"median":{"confidence_interval":{"confidence_level":0.95,"lower_bound":1760864838.0,"upper_bound":1763737308.0},"point_estimate":1762250900.5,"standard_error":812061.26685797},"median_abs_dev":{"confidence_interval":{"confidence_level":0.95,"lower_bound":4097368.1434571743,"upper_bound":8406274.392458797},"point_estimate":5246734.4992518425,"standard_error":1157676.3043191195},"slope":null,"std_dev":{"confidence_interval":{"confidence_level":0.95,"lower_bound":6594798.956706366,"upper_bound":9663672.413199821},"point_estimate":8144047.478582507,"standard_error":788876.1227659518}}