{"mean":{"confidence_interval":{"confidence_level":0.95,"lower_bound":11780086.124875,"upper_bound":11833479.373312501},"point_estimate":11804719.685,"standard_error":13650.265385758372},"median":{"confidence_interval":{"confidence_level":0.95,"lower_bound":11748108.75,"upper_bound":11779811.5},"point_estimate":11763201.75,"standard_error":8711.60738797562},"median_abs_dev":{"confidence_interval":{"confidence_level":0.95,"lower_bound":42877.16188877821,"upper_bound":76009.37947556376},"point_estimate":59103.847950696945,"standard_error":8356.911669913416},"slope":null,"std_dev":{"confidence_interval":{"confidence_level":0.95,"lower_bound":87023.20087617383,"upper_bound":188420.50066016798},"point_estimate":137152.46986449548,"standard_error":27027.860046255544}}