{"mean":{"confidence_interval":{"confidence_level":0.95,"lower_bound":2072890.4720416672,"upper_bound":2092389.8961562498},"point_estimate":2081752.339166667,"standard_error":5013.737239029382},"median":{"confidence_interval":{"confidence_level":0.95,"lower_bound":2065783.2291666665,"upper_bound":2068757.7083333333},"point_estimate":2067022.1666666667,"standard_error":682.8108917154466},"median_abs_dev":{"confidence_interval":{"confidence_level":0.95,"lower_bound":3098.9420477951685,"upper_bound":6602.11420622654},"point_estimate":4817.95571446413,"standard_error":881.9399140436581},"slope":null,"std_dev":{"confidence_interval":{"confidence_level":0.95,"lower_bound":26794.057476280734,"upper_bound":68670.01486965932},"point_estimate":50596.095041547625,"standard_error":10646.105544323926}}