{"mean":{"confidence_interval":{"confidence_level":0.95,"lower_bound":2900424.3678055573,"upper_bound":2903939.935833333},"point_estimate":2902130.1322222217,"standard_error":896.3155584126989},"median":{"confidence_interval":{"confidence_level":0.95,"lower_bound":2898112.388888889,"upper_bound":2901369.0},"point_estimate":2899572.888888889,"standard_error":894.4488252512845},"median_abs_dev":{"confidence_interval":{"confidence_level":0.95,"lower_bound":5072.633443276164,"upper_bound":9471.837031841047},"point_estimate":6906.650794049143,"standard_error":1204.454563087457},"slope":null,"std_dev":{"confidence_interval":{"confidence_level":0.95,"lower_bound":7299.468084845469,"upper_bound":10520.306910556124},"point_estimate":9002.844921640793,"standard_error":821.9830006624218}}