{"mean":{"confidence_interval":{"confidence_level":0.95,"lower_bound":2172098.531326088,"upper_bound":2198781.9385217396},"point_estimate":2184156.8795652175,"standard_error":6816.697443918225},"median":{"confidence_interval":{"confidence_level":0.95,"lower_bound":2161485.304347826,"upper_bound":2164490.695652174},"point_estimate":2162650.7391304346,"standard_error":897.4442861807061},"median_abs_dev":{"confidence_interval":{"confidence_level":0.95,"lower_bound":3657.7352872360257,"upper_bound":8518.310379204453},"point_estimate":5336.3285313483075,"standard_error":1345.044789654823},"slope":null,"std_dev":{"confidence_interval":{"confidence_level":0.95,"lower_bound":36208.271747026374,"upper_bound":93668.01234114793},"point_estimate":68498.05630739851,"standard_error":14673.464715690465}}