{"mean":{"confidence_interval":{"confidence_level":0.95,"lower_bound":-0.9868931177306686,"upper_bound":-0.9867664451967421},"point_estimate":-0.986834723594372,"standard_error":0.00003207428600021471},"median":{"confidence_interval":{"confidence_level":0.95,"lower_bound":-0.9869307000192148,"upper_bound":-0.9869104898243616},"point_estimate":-0.9869220260379501,"standard_error":4.646130850934185e-6}}