{"mean":{"confidence_interval":{"confidence_level":0.95,"lower_bound":-0.979911038458186,"upper_bound":-0.979828322805672},"point_estimate":-0.9798692427769922,"standard_error":0.000020871104531658395},"median":{"confidence_interval":{"confidence_level":0.95,"lower_bound":-0.9799056555253653,"upper_bound":-0.9798750709213162},"point_estimate":-0.9798943242221996,"standard_error":7.420024477154053e-6}}