{"mean":{"confidence_interval":{"confidence_level":0.95,"lower_bound":12659624.962625,"upper_bound":12781183.3800625},"point_estimate":12715752.27,"standard_error":31075.188539487142},"median":{"confidence_interval":{"confidence_level":0.95,"lower_bound":12592985.75,"upper_bound":12628641.75},"point_estimate":12600843.25,"standard_error":9156.748968303316},"median_abs_dev":{"confidence_interval":{"confidence_level":0.95,"lower_bound":71217.06038564444,"upper_bound":142161.322376132},"point_estimate":97079.71965149045,"standard_error":17348.975976609712},"slope":null,"std_dev":{"confidence_interval":{"confidence_level":0.95,"lower_bound":196345.03412284717,"upper_bound":416908.95548551064},"point_estimate":313200.8158695703,"standard_error":56529.92203753816}}