{"mean":{"confidence_interval":{"confidence_level":0.95,"lower_bound":11968307.057800006,"upper_bound":12003739.375500007},"point_estimate":11984004.681999998,"standard_error":9113.189617600068},"median":{"confidence_interval":{"confidence_level":0.95,"lower_bound":11957019.600000001,"upper_bound":11964516.9},"point_estimate":11960711.8,"standard_error":1907.0829750655432},"median_abs_dev":{"confidence_interval":{"confidence_level":0.95,"lower_bound":10712.081329822817,"upper_bound":18759.633986951576},"point_estimate":14684.411439299583,"standard_error":1992.253035715345},"slope":null,"std_dev":{"confidence_interval":{"confidence_level":0.95,"lower_bound":39788.881989909634,"upper_bound":133090.31036154012},"point_estimate":91892.68075178553,"standard_error":23966.375439739735}}