{"mean":{"confidence_interval":{"confidence_level":0.95,"lower_bound":204848955.19875,"upper_bound":225475793.259},"point_estimate":214942485.99,"standard_error":5263239.695047582},"median":{"confidence_interval":{"confidence_level":0.95,"lower_bound":178344947.5,"upper_bound":182673289.0},"point_estimate":179072720.0,"standard_error":1470990.1037931936},"median_abs_dev":{"confidence_interval":{"confidence_level":0.95,"lower_bound":1859440.563288331,"upper_bound":8575932.013946772},"point_estimate":3143010.3861004114,"standard_error":2227358.0250908285},"slope":null,"std_dev":{"confidence_interval":{"confidence_level":0.95,"lower_bound":46957555.88629916,"upper_bound":57210731.368153274},"point_estimate":53030209.600744605,"standard_error":2622398.015694023}}