{"mean":{"confidence_interval":{"confidence_level":0.95,"lower_bound":-0.9887988436506147,"upper_bound":-0.9886609046458711},"point_estimate":-0.9887334317874943,"standard_error":0.000035633814206079866},"median":{"confidence_interval":{"confidence_level":0.95,"lower_bound":-0.9888753024561246,"upper_bound":-0.9888385249319414},"point_estimate":-0.9888603106843934,"standard_error":8.976489695489926e-6}}