{"mean":{"confidence_interval":{"confidence_level":0.95,"lower_bound":-0.9835692420098953,"upper_bound":-0.9833876657497106},"point_estimate":-0.983484457545539,"standard_error":0.000045972334525776654},"median":{"confidence_interval":{"confidence_level":0.95,"lower_bound":-0.983707215170453,"upper_bound":-0.9836411491015353},"point_estimate":-0.9836887029146344,"standard_error":0.000022366035620073882}}