{"mean":{"confidence_interval":{"confidence_level":0.95,"lower_bound":2082209.5325937506,"upper_bound":2105657.524677083},"point_estimate":2093095.1200000008,"standard_error":6025.194859388824},"median":{"confidence_interval":{"confidence_level":0.95,"lower_bound":2064126.2916666667,"upper_bound":2073081.1875},"point_estimate":2066721.8125,"standard_error":2408.998463537842},"median_abs_dev":{"confidence_interval":{"confidence_level":0.95,"lower_bound":6714.602618291974,"upper_bound":20328.85486409068},"point_estimate":10354.78709116584,"standard_error":3656.685372377374},"slope":null,"std_dev":{"confidence_interval":{"confidence_level":0.95,"lower_bound":37746.287374281994,"upper_bound":79166.49021405427},"point_estimate":60513.035585237536,"standard_error":10560.966484816636}}