{"mean":{"confidence_interval":{"confidence_level":0.95,"lower_bound":-0.987878606929289,"upper_bound":-0.9877141167448763},"point_estimate":-0.987803183760893,"standard_error":0.000041627549706398103},"median":{"confidence_interval":{"confidence_level":0.95,"lower_bound":-0.987926981730296,"upper_bound":-0.9878411870611999},"point_estimate":-0.9878913901851625,"standard_error":0.000017745711477982656}}