{"mean":{"confidence_interval":{"confidence_level":0.95,"lower_bound":13009365.95825,"upper_bound":13131942.2475},"point_estimate":13067945.1375,"standard_error":31477.80123602363},"median":{"confidence_interval":{"confidence_level":0.95,"lower_bound":12894719.125,"upper_bound":12989151.25},"point_estimate":12932749.375,"standard_error":23157.46117834014},"median_abs_dev":{"confidence_interval":{"confidence_level":0.95,"lower_bound":114748.23418781161,"upper_bound":252283.1682098282},"point_estimate":161651.39630511403,"standard_error":33495.2935363048},"slope":null,"std_dev":{"confidence_interval":{"confidence_level":0.95,"lower_bound":241757.22632472886,"upper_bound":390972.34372205613},"point_estimate":317075.90466374543,"standard_error":38712.14011405923}}