{"mean":{"confidence_interval":{"confidence_level":0.95,"lower_bound":-0.9864571364181474,"upper_bound":-0.9863461597566439},"point_estimate":-0.9864128149304467,"standard_error":0.0000287478407110796},"median":{"confidence_interval":{"confidence_level":0.95,"lower_bound":-0.9865246767097614,"upper_bound":-0.9864993565880092},"point_estimate":-0.9865161544182284,"standard_error":6.3188145580338365e-6}}