{"mean":{"confidence_interval":{"confidence_level":0.95,"lower_bound":-0.9744110045181646,"upper_bound":-0.9742203227922199},"point_estimate":-0.9743222277241104,"standard_error":0.00004772008594626589},"median":{"confidence_interval":{"confidence_level":0.95,"lower_bound":-0.974491005629798,"upper_bound":-0.9744547786096175},"point_estimate":-0.9744772779889432,"standard_error":9.020227258482481e-6}}