{"mean":{"confidence_interval":{"confidence_level":0.95,"lower_bound":2312711.7626250004,"upper_bound":2329719.9381818194},"point_estimate":2320522.432272728,"standard_error":4362.15216997718},"median":{"confidence_interval":{"confidence_level":0.95,"lower_bound":2304611.272727273,"upper_bound":2307269.4545454546},"point_estimate":2305565.090909091,"standard_error":682.4846969323397},"median_abs_dev":{"confidence_interval":{"confidence_level":0.95,"lower_bound":3608.715726841517,"upper_bound":8215.187540515153},"point_estimate":5798.01045615571,"standard_error":1241.4689655675409},"slope":null,"std_dev":{"confidence_interval":{"confidence_level":0.95,"lower_bound":26281.22522955855,"upper_bound":57460.578665362395},"point_estimate":43830.27106195836,"standard_error":7957.243157808969}}