{"mean":{"confidence_interval":{"confidence_level":0.95,"lower_bound":0.007614428433494936,"upper_bound":0.011821997954077712},"point_estimate":0.009390630008075274,"standard_error":0.001033925555735999},"median":{"confidence_interval":{"confidence_level":0.95,"lower_bound":0.006077328043234559,"upper_bound":0.00760100663276031},"point_estimate":0.006445723298384554,"standard_error":0.0004065006229704523}}