{"mean":{"confidence_interval":{"confidence_level":0.95,"lower_bound":12158946.81,"upper_bound":12358127.3970625},"point_estimate":12249588.4225,"standard_error":51111.99654080696},"median":{"confidence_interval":{"confidence_level":0.95,"lower_bound":12065894.25,"upper_bound":12112368.0},"point_estimate":12086649.25,"standard_error":11190.687936414512},"median_abs_dev":{"confidence_interval":{"confidence_level":0.95,"lower_bound":74975.45131891966,"upper_bound":141537.51843720675},"point_estimate":104071.47580236197,"standard_error":16761.235664834414},"slope":null,"std_dev":{"confidence_interval":{"confidence_level":0.95,"lower_bound":268776.5776078073,"upper_bound":717355.8581141249},"point_estimate":511846.6795689084,"standard_error":115318.58384857698}}