{"mean":{"confidence_interval":{"confidence_level":0.95,"lower_bound":-0.9835937148992533,"upper_bound":-0.9835646184341669},"point_estimate":-0.9835791871694894,"standard_error":7.4434767406618985e-6},"median":{"confidence_interval":{"confidence_level":0.95,"lower_bound":-0.9835872881542492,"upper_bound":-0.9835613814981977},"point_estimate":-0.9835740439852314,"standard_error":6.4688286400123975e-6}}