{"mean":{"confidence_interval":{"confidence_level":0.95,"lower_bound":15981085.525,"upper_bound":16038127.43375},"point_estimate":16006929.975,"standard_error":14624.445785594533},"median":{"confidence_interval":{"confidence_level":0.95,"lower_bound":15944231.5,"upper_bound":15965842.25},"point_estimate":15948403.375,"standard_error":5847.127860236083},"median_abs_dev":{"confidence_interval":{"confidence_level":0.95,"lower_bound":24872.282483428717,"upper_bound":56365.30047431588},"point_estimate":34078.301694989204,"standard_error":7960.399287003673},"slope":null,"std_dev":{"confidence_interval":{"confidence_level":0.95,"lower_bound":83556.08633413792,"upper_bound":209876.07451926538},"point_estimate":146749.5483301797,"standard_error":33996.65236611214}}