{"mean":{"confidence_interval":{"confidence_level":0.95,"lower_bound":0.005715055864009317,"upper_bound":0.008383789220374098},"point_estimate":0.0070651407309600955,"standard_error":0.0006854044064578558},"median":{"confidence_interval":{"confidence_level":0.95,"lower_bound":0.00647685823957489,"upper_bound":0.0073396209830431935},"point_estimate":0.006887771493593764,"standard_error":0.0002126577917776847}}