{"mean":{"confidence_interval":{"confidence_level":0.95,"lower_bound":12208641.90885,"upper_bound":12232246.53595},"point_estimate":12219692.248,"standard_error":6062.19674671843},"median":{"confidence_interval":{"confidence_level":0.95,"lower_bound":12196039.4,"upper_bound":12206408.7},"point_estimate":12204283.7,"standard_error":2614.778788628103},"median_abs_dev":{"confidence_interval":{"confidence_level":0.95,"lower_bound":18020.557900070038,"upper_bound":34080.970374944314},"point_estimate":25962.994219063057,"standard_error":3843.600174651053},"slope":null,"std_dev":{"confidence_interval":{"confidence_level":0.95,"lower_bound":41980.59952833428,"upper_bound":76221.67956797444},"point_estimate":60865.97874071146,"standard_error":8754.951603361365}}