{"mean":{"confidence_interval":{"confidence_level":0.95,"lower_bound":14973591.9775,"upper_bound":15128681.8894375},"point_estimate":15043861.97,"standard_error":39707.966871447476},"median":{"confidence_interval":{"confidence_level":0.95,"lower_bound":14892171.625,"upper_bound":14975036.25},"point_estimate":14937697.0,"standard_error":22376.122213011382},"median_abs_dev":{"confidence_interval":{"confidence_level":0.95,"lower_bound":119594.66817677021,"upper_bound":214592.4468152225},"point_estimate":166436.30239516497,"standard_error":25613.298673942194},"slope":null,"std_dev":{"confidence_interval":{"confidence_level":0.95,"lower_bound":226411.8981995223,"upper_bound":560347.0755606767},"point_estimate":399278.15967354545,"standard_error":87196.22679828902}}