{"mean":{"confidence_interval":{"confidence_level":0.95,"lower_bound":135144529.57,"upper_bound":136452978.56475},"point_estimate":135738063.8,"standard_error":334866.8031209923},"median":{"confidence_interval":{"confidence_level":0.95,"lower_bound":134695214.0,"upper_bound":135230179.0},"point_estimate":134854789.0,"standard_error":139799.4084501608},"median_abs_dev":{"confidence_interval":{"confidence_level":0.95,"lower_bound":939420.5626219511,"upper_bound":1880153.9675205946},"point_estimate":1294250.473022461,"standard_error":245378.73265505972},"slope":null,"std_dev":{"confidence_interval":{"confidence_level":0.95,"lower_bound":1944251.28032445,"upper_bound":4775920.49251138},"point_estimate":3350967.488522388,"standard_error":758233.3463384071}}