{"mean":{"confidence_interval":{"confidence_level":0.95,"lower_bound":0.011064894910755125,"upper_bound":0.015131353902729221},"point_estimate":0.013073338222491682,"standard_error":0.0010468501961165301},"median":{"confidence_interval":{"confidence_level":0.95,"lower_bound":0.01112295255913186,"upper_bound":0.01364139789978669},"point_estimate":0.01246245750313002,"standard_error":0.0006169495006593577}}