{"mean":{"confidence_interval":{"confidence_level":0.95,"lower_bound":-0.03581516293083316,"upper_bound":-0.028840569016222412},"point_estimate":-0.032232385630640015,"standard_error":0.0017794317549107777},"median":{"confidence_interval":{"confidence_level":0.95,"lower_bound":-0.03573038292204567,"upper_bound":-0.031198862360942492},"point_estimate":-0.033628980450466806,"standard_error":0.001255449419279191}}