{"mean":{"confidence_interval":{"confidence_level":0.95,"lower_bound":186237900.821,"upper_bound":186865568.13025},"point_estimate":186541123.39,"standard_error":160324.31674181594},"median":{"confidence_interval":{"confidence_level":0.95,"lower_bound":185627743.5,"upper_bound":186131229.0},"point_estimate":185747528.0,"standard_error":143674.84890860028},"median_abs_dev":{"confidence_interval":{"confidence_level":0.95,"lower_bound":586000.6047964096,"upper_bound":1462513.7092351913},"point_estimate":806002.1322906017,"standard_error":218132.8850987395},"slope":null,"std_dev":{"confidence_interval":{"confidence_level":0.95,"lower_bound":1290726.933327348,"upper_bound":1914523.0589580697},"point_estimate":1614972.8314806554,"standard_error":160831.48049339297}}