{"mean":{"confidence_interval":{"confidence_level":0.95,"lower_bound":11735179.515249996,"upper_bound":11842390.442},"point_estimate":11783778.141999997,"standard_error":27596.449536772045},"median":{"confidence_interval":{"confidence_level":0.95,"lower_bound":11694109.5,"upper_bound":11731755.2},"point_estimate":11707831.1,"standard_error":9627.622075900932},"median_abs_dev":{"confidence_interval":{"confidence_level":0.95,"lower_bound":58426.29976272583,"upper_bound":99060.51028132494},"point_estimate":74860.77221095479,"standard_error":9782.48067029901},"slope":null,"std_dev":{"confidence_interval":{"confidence_level":0.95,"lower_bound":152852.22885473602,"upper_bound":382892.8525478395},"point_estimate":275487.8909224189,"standard_error":59926.63188735115}}