{"mean":{"confidence_interval":{"confidence_level":0.95,"lower_bound":11315203.40015,"upper_bound":11338868.302449998},"point_estimate":11325976.459999997,"standard_error":6066.785616212537},"median":{"confidence_interval":{"confidence_level":0.95,"lower_bound":11307782.1,"upper_bound":11316569.6},"point_estimate":11310759.6,"standard_error":2217.6792590039154},"median_abs_dev":{"confidence_interval":{"confidence_level":0.95,"lower_bound":10711.191769835019,"upper_bound":18289.353275299072},"point_estimate":13579.72619891222,"standard_error":1878.8306083570124},"slope":null,"std_dev":{"confidence_interval":{"confidence_level":0.95,"lower_bound":35622.43521739672,"upper_bound":79976.64286121144},"point_estimate":60710.81688712337,"standard_error":11361.189741819035}}